record_id,n_sig,fs,sig_len,lead_1,lead_2,lead_3,lead_4,lead_5,lead_6,lead_7,lead_8,lead_9,lead_10,lead_11,lead_12,comments,label
548140,12,100,1200,I,II,III,aVR,aVL,aVF,V1,V2,V3,V4,V5,V6,,0
438721,12,100,1200,I,II,III,aVR,aVL,aVF,V1,V2,V3,V4,V5,V6,,0
314397,12,100,1200,I,II,III,aVR,aVL,aVF,V1,V2,V3,V4,V5,V6,,0
1081338,12,100,1200,I,II,III,aVR,aVL,aVF,V1,V2,V3,V4,V5,V6,,0
3138453,12,100,1200,I,II,III,aVR,aVL,aVF,V1,V2,V3,V4,V5,V6,,0
1277374,12,100,1200,I,II,III,aVR,aVL,aVF,V1,V2,V3,V4,V5,V6,,0
1285404,12,100,1200,I,II,III,aVR,aVL,aVF,V1,V2,V3,V4,V5,V6,,0
482516,12,100,1200,I,II,III,aVR,aVL,aVF,V1,V2,V3,V4,V5,V6,,0
920037,12,100,1200,I,II,III,aVR,aVL,aVF,V1,V2,V3,V4,V5,V6,,0
1294540,12,100,1200,I,II,III,aVR,aVL,aVF,V1,V2,V3,V4,V5,V6,,0
478457,12,100,1200,I,II,III,aVR,aVL,aVF,V1,V2,V3,V4,V5,V6,,0
1230482,12,100,1200,I,II,III,aVR,aVL,aVF,V1,V2,V3,V4,V5,V6,,0
1327775,12,100,1200,I,II,III,aVR,aVL,aVF,V1,V2,V3,V4,V5,V6,,0
1192654,12,100,1200,I,II,III,aVR,aVL,aVF,V1,V2,V3,V4,V5,V6,,0
1307716,12,100,1200,I,II,III,aVR,aVL,aVF,V1,V2,V3,V4,V5,V6,,0
1128835,12,100,1200,I,II,III,aVR,aVL,aVF,V1,V2,V3,V4,V5,V6,,0
939546,12,100,1200,I,II,III,aVR,aVL,aVF,V1,V2,V3,V4,V5,V6,,0
1231339,12,100,1200,I,II,III,aVR,aVL,aVF,V1,V2,V3,V4,V5,V6,,0
938838,12,100,1200,I,II,III,aVR,aVL,aVF,V1,V2,V3,V4,V5,V6,,0
1041375,12,100,1200,I,II,III,aVR,aVL,aVF,V1,V2,V3,V4,V5,V6,,0
801261,12,100,1200,I,II,III,aVR,aVL,aVF,V1,V2,V3,V4,V5,V6,,0
292220,12,100,1200,I,II,III,aVR,aVL,aVF,V1,V2,V3,V4,V5,V6,,0
1421261,12,100,1200,I,II,III,aVR,aVL,aVF,V1,V2,V3,V4,V5,V6,,0
1313974,12,100,1200,I,II,III,aVR,aVL,aVF,V1,V2,V3,V4,V5,V6,,0
3094049,12,100,1200,I,II,III,aVR,aVL,aVF,V1,V2,V3,V4,V5,V6,,0
1270798,12,100,1200,I,II,III,aVR,aVL,aVF,V1,V2,V3,V4,V5,V6,,0
1346727,12,100,1200,I,II,III,aVR,aVL,aVF,V1,V2,V3,V4,V5,V6,,0
625190,12,100,1200,I,II,III,aVR,aVL,aVF,V1,V2,V3,V4,V5,V6,,0
1176675,12,100,1200,I,II,III,aVR,aVL,aVF,V1,V2,V3,V4,V5,V6,,0
3095195,12,100,1200,I,II,III,aVR,aVL,aVF,V1,V2,V3,V4,V5,V6,,0
3094047,12,100,1200,I,II,III,aVR,aVL,aVF,V1,V2,V3,V4,V5,V6,,0
1118251,12,100,1200,I,II,III,aVR,aVL,aVF,V1,V2,V3,V4,V5,V6,,0
1284182,12,100,1200,I,II,III,aVR,aVL,aVF,V1,V2,V3,V4,V5,V6,,0
1371132,12,100,1200,I,II,III,aVR,aVL,aVF,V1,V2,V3,V4,V5,V6,,0
985814,12,100,1200,I,II,III,aVR,aVL,aVF,V1,V2,V3,V4,V5,V6,,0
1303729,12,100,1200,I,II,III,aVR,aVL,aVF,V1,V2,V3,V4,V5,V6,,0
1370819,12,100,1200,I,II,III,aVR,aVL,aVF,V1,V2,V3,V4,V5,V6,,0
1297765,12,100,1200,I,II,III,aVR,aVL,aVF,V1,V2,V3,V4,V5,V6,,0
317547,12,100,1200,I,II,III,aVR,aVL,aVF,V1,V2,V3,V4,V5,V6,,0
287355,12,100,1200,I,II,III,aVR,aVL,aVF,V1,V2,V3,V4,V5,V6,,0
952641,12,100,1200,I,II,III,aVR,aVL,aVF,V1,V2,V3,V4,V5,V6,,0
1214441,12,100,1200,I,II,III,aVR,aVL,aVF,V1,V2,V3,V4,V5,V6,,0
1058605,12,100,1200,I,II,III,aVR,aVL,aVF,V1,V2,V3,V4,V5,V6,,0
903442,12,100,1200,I,II,III,aVR,aVL,aVF,V1,V2,V3,V4,V5,V6,,0
1199480,12,100,1200,I,II,III,aVR,aVL,aVF,V1,V2,V3,V4,V5,V6,,0
1297151,12,100,1200,I,II,III,aVR,aVL,aVF,V1,V2,V3,V4,V5,V6,,0
1238671,12,100,1200,I,II,III,aVR,aVL,aVF,V1,V2,V3,V4,V5,V6,,0
887465,12,100,1200,I,II,III,aVR,aVL,aVF,V1,V2,V3,V4,V5,V6,,0
3037390,12,100,1200,I,II,III,aVR,aVL,aVF,V1,V2,V3,V4,V5,V6,,0
596382,12,100,1200,I,II,III,aVR,aVL,aVF,V1,V2,V3,V4,V5,V6,,0
1366050,12,100,1200,I,II,III,aVR,aVL,aVF,V1,V2,V3,V4,V5,V6,,0
1281380,12,100,1200,I,II,III,aVR,aVL,aVF,V1,V2,V3,V4,V5,V6,,0
3114582,12,100,1200,I,II,III,aVR,aVL,aVF,V1,V2,V3,V4,V5,V6,,0
841869,12,100,1200,I,II,III,aVR,aVL,aVF,V1,V2,V3,V4,V5,V6,,0
1191595,12,100,1200,I,II,III,aVR,aVL,aVF,V1,V2,V3,V4,V5,V6,,0
1061898,12,100,1200,I,II,III,aVR,aVL,aVF,V1,V2,V3,V4,V5,V6,,0
1366637,12,100,1200,I,II,III,aVR,aVL,aVF,V1,V2,V3,V4,V5,V6,,0
3016396,12,100,1200,I,II,III,aVR,aVL,aVF,V1,V2,V3,V4,V5,V6,,0
3128947,12,100,1200,I,II,III,aVR,aVL,aVF,V1,V2,V3,V4,V5,V6,,0
958460,12,100,1200,I,II,III,aVR,aVL,aVF,V1,V2,V3,V4,V5,V6,,0
267630,12,100,1200,I,II,III,aVR,aVL,aVF,V1,V2,V3,V4,V5,V6,,0
2635972,12,100,1200,I,II,III,aVR,aVL,aVF,V1,V2,V3,V4,V5,V6,,0
3037617,12,100,1200,I,II,III,aVR,aVL,aVF,V1,V2,V3,V4,V5,V6,,0
1350930,12,100,1200,I,II,III,aVR,aVL,aVF,V1,V2,V3,V4,V5,V6,,0
3044775,12,100,1200,I,II,III,aVR,aVL,aVF,V1,V2,V3,V4,V5,V6,,0
3096254,12,100,1200,I,II,III,aVR,aVL,aVF,V1,V2,V3,V4,V5,V6,,0
1408290,12,100,1200,I,II,III,aVR,aVL,aVF,V1,V2,V3,V4,V5,V6,,0
822108,12,100,1200,I,II,III,aVR,aVL,aVF,V1,V2,V3,V4,V5,V6,,0
1224102,12,100,1200,I,II,III,aVR,aVL,aVF,V1,V2,V3,V4,V5,V6,,0
980284,12,100,1200,I,II,III,aVR,aVL,aVF,V1,V2,V3,V4,V5,V6,,0
1191551,12,100,1200,I,II,III,aVR,aVL,aVF,V1,V2,V3,V4,V5,V6,,0
1332388,12,100,1200,I,II,III,aVR,aVL,aVF,V1,V2,V3,V4,V5,V6,,0
548865,12,100,1200,I,II,III,aVR,aVL,aVF,V1,V2,V3,V4,V5,V6,,0
1290807,12,100,1200,I,II,III,aVR,aVL,aVF,V1,V2,V3,V4,V5,V6,,0
969321,12,100,1200,I,II,III,aVR,aVL,aVF,V1,V2,V3,V4,V5,V6,,0
1074787,12,100,1200,I,II,III,aVR,aVL,aVF,V1,V2,V3,V4,V5,V6,,0
482868,12,100,1200,I,II,III,aVR,aVL,aVF,V1,V2,V3,V4,V5,V6,,0
3045059,12,100,1200,I,II,III,aVR,aVL,aVF,V1,V2,V3,V4,V5,V6,,0
613119,12,100,1200,I,II,III,aVR,aVL,aVF,V1,V2,V3,V4,V5,V6,,0
1235674,12,100,1200,I,II,III,aVR,aVL,aVF,V1,V2,V3,V4,V5,V6,,0
597251,12,100,1200,I,II,III,aVR,aVL,aVF,V1,V2,V3,V4,V5,V6,,0
571723,12,100,1200,I,II,III,aVR,aVL,aVF,V1,V2,V3,V4,V5,V6,,0
1337461,12,100,1200,I,II,III,aVR,aVL,aVF,V1,V2,V3,V4,V5,V6,,0
1272319,12,100,1200,I,II,III,aVR,aVL,aVF,V1,V2,V3,V4,V5,V6,,0
819710,12,100,1200,I,II,III,aVR,aVL,aVF,V1,V2,V3,V4,V5,V6,,0
844915,12,100,1200,I,II,III,aVR,aVL,aVF,V1,V2,V3,V4,V5,V6,,0
1092237,12,100,1200,I,II,III,aVR,aVL,aVF,V1,V2,V3,V4,V5,V6,,0
822756,12,100,1200,I,II,III,aVR,aVL,aVF,V1,V2,V3,V4,V5,V6,,0
1135434,12,100,1200,I,II,III,aVR,aVL,aVF,V1,V2,V3,V4,V5,V6,,0
1192146,12,100,1200,I,II,III,aVR,aVL,aVF,V1,V2,V3,V4,V5,V6,,0
461866,12,100,1200,I,II,III,aVR,aVL,aVF,V1,V2,V3,V4,V5,V6,,0
1254267,12,100,1200,I,II,III,aVR,aVL,aVF,V1,V2,V3,V4,V5,V6,,0
1103983,12,100,1200,I,II,III,aVR,aVL,aVF,V1,V2,V3,V4,V5,V6,,0
3080118,12,100,1200,I,II,III,aVR,aVL,aVF,V1,V2,V3,V4,V5,V6,,0
3101011,12,100,1200,I,II,III,aVR,aVL,aVF,V1,V2,V3,V4,V5,V6,,0
3072833,12,100,1200,I,II,III,aVR,aVL,aVF,V1,V2,V3,V4,V5,V6,,0
1142915,12,100,1200,I,II,III,aVR,aVL,aVF,V1,V2,V3,V4,V5,V6,,0
1414022,12,100,1200,I,II,III,aVR,aVL,aVF,V1,V2,V3,V4,V5,V6,,0
509648,12,100,1200,I,II,III,aVR,aVL,aVF,V1,V2,V3,V4,V5,V6,,0
1244867,12,100,1200,I,II,III,aVR,aVL,aVF,V1,V2,V3,V4,V5,V6,,0
952177,12,100,1200,I,II,III,aVR,aVL,aVF,V1,V2,V3,V4,V5,V6,,0
1157038,12,100,1200,I,II,III,aVR,aVL,aVF,V1,V2,V3,V4,V5,V6,,0
3073346,12,100,1200,I,II,III,aVR,aVL,aVF,V1,V2,V3,V4,V5,V6,,0
265715,12,100,1200,I,II,III,aVR,aVL,aVF,V1,V2,V3,V4,V5,V6,,0
1426919,12,100,1200,I,II,III,aVR,aVL,aVF,V1,V2,V3,V4,V5,V6,,0
577838,12,100,1200,I,II,III,aVR,aVL,aVF,V1,V2,V3,V4,V5,V6,,0
1112604,12,100,1200,I,II,III,aVR,aVL,aVF,V1,V2,V3,V4,V5,V6,,0
1207769,12,100,1200,I,II,III,aVR,aVL,aVF,V1,V2,V3,V4,V5,V6,,0
3058134,12,100,1200,I,II,III,aVR,aVL,aVF,V1,V2,V3,V4,V5,V6,,0
1310052,12,100,1200,I,II,III,aVR,aVL,aVF,V1,V2,V3,V4,V5,V6,,0
1254062,12,100,1200,I,II,III,aVR,aVL,aVF,V1,V2,V3,V4,V5,V6,,0
816929,12,100,1200,I,II,III,aVR,aVL,aVF,V1,V2,V3,V4,V5,V6,,0
3004284,12,100,1200,I,II,III,aVR,aVL,aVF,V1,V2,V3,V4,V5,V6,,0
3074751,12,100,1200,I,II,III,aVR,aVL,aVF,V1,V2,V3,V4,V5,V6,,0
1087704,12,100,1200,I,II,III,aVR,aVL,aVF,V1,V2,V3,V4,V5,V6,,0
1422523,12,100,1200,I,II,III,aVR,aVL,aVF,V1,V2,V3,V4,V5,V6,,0
516092,12,100,1200,I,II,III,aVR,aVL,aVF,V1,V2,V3,V4,V5,V6,,0
419960,12,100,1200,I,II,III,aVR,aVL,aVF,V1,V2,V3,V4,V5,V6,,0
1404688,12,100,1200,I,II,III,aVR,aVL,aVF,V1,V2,V3,V4,V5,V6,,0
1099262,12,100,1200,I,II,III,aVR,aVL,aVF,V1,V2,V3,V4,V5,V6,,0
1053511,12,100,1200,I,II,III,aVR,aVL,aVF,V1,V2,V3,V4,V5,V6,,0
614578,12,100,1200,I,II,III,aVR,aVL,aVF,V1,V2,V3,V4,V5,V6,,0
1312303,12,100,1200,I,II,III,aVR,aVL,aVF,V1,V2,V3,V4,V5,V6,,0
3080186,12,100,1200,I,II,III,aVR,aVL,aVF,V1,V2,V3,V4,V5,V6,,0
998036,12,100,1200,I,II,III,aVR,aVL,aVF,V1,V2,V3,V4,V5,V6,,0
1096625,12,100,1200,I,II,III,aVR,aVL,aVF,V1,V2,V3,V4,V5,V6,,0
3003692,12,100,1200,I,II,III,aVR,aVL,aVF,V1,V2,V3,V4,V5,V6,,0
1054733,12,100,1200,I,II,III,aVR,aVL,aVF,V1,V2,V3,V4,V5,V6,,0
972781,12,100,1200,I,II,III,aVR,aVL,aVF,V1,V2,V3,V4,V5,V6,,0
1085203,12,100,1200,I,II,III,aVR,aVL,aVF,V1,V2,V3,V4,V5,V6,,0
3092472,12,100,1200,I,II,III,aVR,aVL,aVF,V1,V2,V3,V4,V5,V6,,0
1190805,12,100,1200,I,II,III,aVR,aVL,aVF,V1,V2,V3,V4,V5,V6,,0
814286,12,100,1200,I,II,III,aVR,aVL,aVF,V1,V2,V3,V4,V5,V6,,0
829768,12,100,1200,I,II,III,aVR,aVL,aVF,V1,V2,V3,V4,V5,V6,,0
1197538,12,100,1200,I,II,III,aVR,aVL,aVF,V1,V2,V3,V4,V5,V6,,0
1058085,12,100,1200,I,II,III,aVR,aVL,aVF,V1,V2,V3,V4,V5,V6,,0
580720,12,100,1200,I,II,III,aVR,aVL,aVF,V1,V2,V3,V4,V5,V6,,0
1274776,12,100,1200,I,II,III,aVR,aVL,aVF,V1,V2,V3,V4,V5,V6,,0
434996,12,100,1200,I,II,III,aVR,aVL,aVF,V1,V2,V3,V4,V5,V6,,0
812209,12,100,1200,I,II,III,aVR,aVL,aVF,V1,V2,V3,V4,V5,V6,,0
1134284,12,100,1200,I,II,III,aVR,aVL,aVF,V1,V2,V3,V4,V5,V6,,0
519139,12,100,1200,I,II,III,aVR,aVL,aVF,V1,V2,V3,V4,V5,V6,,0
1360656,12,100,1200,I,II,III,aVR,aVL,aVF,V1,V2,V3,V4,V5,V6,,0
1152054,12,100,1200,I,II,III,aVR,aVL,aVF,V1,V2,V3,V4,V5,V6,,0
558967,12,100,1200,I,II,III,aVR,aVL,aVF,V1,V2,V3,V4,V5,V6,,0
3058024,12,100,1200,I,II,III,aVR,aVL,aVF,V1,V2,V3,V4,V5,V6,,0
3133602,12,100,1200,I,II,III,aVR,aVL,aVF,V1,V2,V3,V4,V5,V6,,0
188981,12,100,1200,I,II,III,aVR,aVL,aVF,V1,V2,V3,V4,V5,V6,,0
1146063,12,100,1200,I,II,III,aVR,aVL,aVF,V1,V2,V3,V4,V5,V6,,0
1423789,12,100,1200,I,II,III,aVR,aVL,aVF,V1,V2,V3,V4,V5,V6,,0
329034,12,100,1200,I,II,III,aVR,aVL,aVF,V1,V2,V3,V4,V5,V6,,0
1338772,12,100,1200,I,II,III,aVR,aVL,aVF,V1,V2,V3,V4,V5,V6,,0
994515,12,100,1200,I,II,III,aVR,aVL,aVF,V1,V2,V3,V4,V5,V6,,0
873255,12,100,1200,I,II,III,aVR,aVL,aVF,V1,V2,V3,V4,V5,V6,,0
3128412,12,100,1200,I,II,III,aVR,aVL,aVF,V1,V2,V3,V4,V5,V6,,0
935156,12,100,1200,I,II,III,aVR,aVL,aVF,V1,V2,V3,V4,V5,V6,,0
3016401,12,100,1200,I,II,III,aVR,aVL,aVF,V1,V2,V3,V4,V5,V6,,0
1093224,12,100,1200,I,II,III,aVR,aVL,aVF,V1,V2,V3,V4,V5,V6,,0
1124825,12,100,1200,I,II,III,aVR,aVL,aVF,V1,V2,V3,V4,V5,V6,,0
958703,12,100,1200,I,II,III,aVR,aVL,aVF,V1,V2,V3,V4,V5,V6,,0
3045751,12,100,1200,I,II,III,aVR,aVL,aVF,V1,V2,V3,V4,V5,V6,,0
1390489,12,100,1200,I,II,III,aVR,aVL,aVF,V1,V2,V3,V4,V5,V6,,0
1121137,12,100,1200,I,II,III,aVR,aVL,aVF,V1,V2,V3,V4,V5,V6,,0
1242678,12,100,1200,I,II,III,aVR,aVL,aVF,V1,V2,V3,V4,V5,V6,,0
821478,12,100,1200,I,II,III,aVR,aVL,aVF,V1,V2,V3,V4,V5,V6,,0
965217,12,100,1200,I,II,III,aVR,aVL,aVF,V1,V2,V3,V4,V5,V6,,0
1419825,12,100,1200,I,II,III,aVR,aVL,aVF,V1,V2,V3,V4,V5,V6,,0
865998,12,100,1200,I,II,III,aVR,aVL,aVF,V1,V2,V3,V4,V5,V6,,0
292666,12,100,1200,I,II,III,aVR,aVL,aVF,V1,V2,V3,V4,V5,V6,,0
866721,12,100,1200,I,II,III,aVR,aVL,aVF,V1,V2,V3,V4,V5,V6,,0
967547,12,100,1200,I,II,III,aVR,aVL,aVF,V1,V2,V3,V4,V5,V6,,0
3118448,12,100,1200,I,II,III,aVR,aVL,aVF,V1,V2,V3,V4,V5,V6,,0
1009874,12,100,1200,I,II,III,aVR,aVL,aVF,V1,V2,V3,V4,V5,V6,,0
540736,12,100,1200,I,II,III,aVR,aVL,aVF,V1,V2,V3,V4,V5,V6,,0
1187599,12,100,1200,I,II,III,aVR,aVL,aVF,V1,V2,V3,V4,V5,V6,,0
1338780,12,100,1200,I,II,III,aVR,aVL,aVF,V1,V2,V3,V4,V5,V6,,0
852786,12,100,1200,I,II,III,aVR,aVL,aVF,V1,V2,V3,V4,V5,V6,,0
445953,12,100,1200,I,II,III,aVR,aVL,aVF,V1,V2,V3,V4,V5,V6,,0
1248576,12,100,1200,I,II,III,aVR,aVL,aVF,V1,V2,V3,V4,V5,V6,,0
1172602,12,100,1200,I,II,III,aVR,aVL,aVF,V1,V2,V3,V4,V5,V6,,0
1023925,12,100,1200,I,II,III,aVR,aVL,aVF,V1,V2,V3,V4,V5,V6,,0
3028930,12,100,1200,I,II,III,aVR,aVL,aVF,V1,V2,V3,V4,V5,V6,,0
855592,12,100,1200,I,II,III,aVR,aVL,aVF,V1,V2,V3,V4,V5,V6,,0
395553,12,100,1200,I,II,III,aVR,aVL,aVF,V1,V2,V3,V4,V5,V6,,0
812404,12,100,1200,I,II,III,aVR,aVL,aVF,V1,V2,V3,V4,V5,V6,,0
1238446,12,100,1200,I,II,III,aVR,aVL,aVF,V1,V2,V3,V4,V5,V6,,0
830179,12,100,1200,I,II,III,aVR,aVL,aVF,V1,V2,V3,V4,V5,V6,,0
489539,12,100,1200,I,II,III,aVR,aVL,aVF,V1,V2,V3,V4,V5,V6,,0
1318568,12,100,1200,I,II,III,aVR,aVL,aVF,V1,V2,V3,V4,V5,V6,,0
1036640,12,100,1200,I,II,III,aVR,aVL,aVF,V1,V2,V3,V4,V5,V6,,0
1122903,12,100,1200,I,II,III,aVR,aVL,aVF,V1,V2,V3,V4,V5,V6,,0
1342979,12,100,1200,I,II,III,aVR,aVL,aVF,V1,V2,V3,V4,V5,V6,,0
405298,12,100,1200,I,II,III,aVR,aVL,aVF,V1,V2,V3,V4,V5,V6,,0
1358245,12,100,1200,I,II,III,aVR,aVL,aVF,V1,V2,V3,V4,V5,V6,,0
1424148,12,100,1200,I,II,III,aVR,aVL,aVF,V1,V2,V3,V4,V5,V6,,0
3113249,12,100,1200,I,II,III,aVR,aVL,aVF,V1,V2,V3,V4,V5,V6,,0
1372181,12,100,1200,I,II,III,aVR,aVL,aVF,V1,V2,V3,V4,V5,V6,,0
1385747,12,100,1200,I,II,III,aVR,aVL,aVF,V1,V2,V3,V4,V5,V6,,0
1297767,12,100,1200,I,II,III,aVR,aVL,aVF,V1,V2,V3,V4,V5,V6,,0
1180702,12,100,1200,I,II,III,aVR,aVL,aVF,V1,V2,V3,V4,V5,V6,,0
1169405,12,100,1200,I,II,III,aVR,aVL,aVF,V1,V2,V3,V4,V5,V6,,0
487609,12,100,1200,I,II,III,aVR,aVL,aVF,V1,V2,V3,V4,V5,V6,,0
2187085,12,100,1200,I,II,III,aVR,aVL,aVF,V1,V2,V3,V4,V5,V6,,0
1371554,12,100,1200,I,II,III,aVR,aVL,aVF,V1,V2,V3,V4,V5,V6,,0
471727,12,100,1200,I,II,III,aVR,aVL,aVF,V1,V2,V3,V4,V5,V6,,0
1372180,12,100,1200,I,II,III,aVR,aVL,aVF,V1,V2,V3,V4,V5,V6,,0
807363,12,100,1200,I,II,III,aVR,aVL,aVF,V1,V2,V3,V4,V5,V6,,0
1145203,12,100,1200,I,II,III,aVR,aVL,aVF,V1,V2,V3,V4,V5,V6,,0
972048,12,100,1200,I,II,III,aVR,aVL,aVF,V1,V2,V3,V4,V5,V6,,0
1280588,12,100,1200,I,II,III,aVR,aVL,aVF,V1,V2,V3,V4,V5,V6,,0
1221590,12,100,1200,I,II,III,aVR,aVL,aVF,V1,V2,V3,V4,V5,V6,,0
538053,12,100,1200,I,II,III,aVR,aVL,aVF,V1,V2,V3,V4,V5,V6,,0
1148718,12,100,1200,I,II,III,aVR,aVL,aVF,V1,V2,V3,V4,V5,V6,,0
1370418,12,100,1200,I,II,III,aVR,aVL,aVF,V1,V2,V3,V4,V5,V6,,0
1327784,12,100,1200,I,II,III,aVR,aVL,aVF,V1,V2,V3,V4,V5,V6,,0
918062,12,100,1200,I,II,III,aVR,aVL,aVF,V1,V2,V3,V4,V5,V6,,0
3015438,12,100,1200,I,II,III,aVR,aVL,aVF,V1,V2,V3,V4,V5,V6,,0
319221,12,100,1200,I,II,III,aVR,aVL,aVF,V1,V2,V3,V4,V5,V6,,0
466796,12,100,1200,I,II,III,aVR,aVL,aVF,V1,V2,V3,V4,V5,V6,,0
1416483,12,100,1200,I,II,III,aVR,aVL,aVF,V1,V2,V3,V4,V5,V6,,0
1183349,12,100,1200,I,II,III,aVR,aVL,aVF,V1,V2,V3,V4,V5,V6,,0
999474,12,100,1200,I,II,III,aVR,aVL,aVF,V1,V2,V3,V4,V5,V6,,0
891754,12,100,1200,I,II,III,aVR,aVL,aVF,V1,V2,V3,V4,V5,V6,,0
1117553,12,100,1200,I,II,III,aVR,aVL,aVF,V1,V2,V3,V4,V5,V6,,0
1298469,12,100,1200,I,II,III,aVR,aVL,aVF,V1,V2,V3,V4,V5,V6,,0
614707,12,100,1200,I,II,III,aVR,aVL,aVF,V1,V2,V3,V4,V5,V6,,0
962566,12,100,1200,I,II,III,aVR,aVL,aVF,V1,V2,V3,V4,V5,V6,,0
319150,12,100,1200,I,II,III,aVR,aVL,aVF,V1,V2,V3,V4,V5,V6,,0
1199593,12,100,1200,I,II,III,aVR,aVL,aVF,V1,V2,V3,V4,V5,V6,,0
3064724,12,100,1200,I,II,III,aVR,aVL,aVF,V1,V2,V3,V4,V5,V6,,0
994217,12,100,1200,I,II,III,aVR,aVL,aVF,V1,V2,V3,V4,V5,V6,,0
1248611,12,100,1200,I,II,III,aVR,aVL,aVF,V1,V2,V3,V4,V5,V6,,0
419510,12,100,1200,I,II,III,aVR,aVL,aVF,V1,V2,V3,V4,V5,V6,,0
1160261,12,100,1200,I,II,III,aVR,aVL,aVF,V1,V2,V3,V4,V5,V6,,0
3065295,12,100,1200,I,II,III,aVR,aVL,aVF,V1,V2,V3,V4,V5,V6,,0
1421316,12,100,1200,I,II,III,aVR,aVL,aVF,V1,V2,V3,V4,V5,V6,,0
1223519,12,100,1200,I,II,III,aVR,aVL,aVF,V1,V2,V3,V4,V5,V6,,0
1309300,12,100,1200,I,II,III,aVR,aVL,aVF,V1,V2,V3,V4,V5,V6,,0
3043155,12,100,1200,I,II,III,aVR,aVL,aVF,V1,V2,V3,V4,V5,V6,,0
428031,12,100,1200,I,II,III,aVR,aVL,aVF,V1,V2,V3,V4,V5,V6,,0
1097714,12,100,1200,I,II,III,aVR,aVL,aVF,V1,V2,V3,V4,V5,V6,,0
907736,12,100,1200,I,II,III,aVR,aVL,aVF,V1,V2,V3,V4,V5,V6,,0
1263008,12,100,1200,I,II,III,aVR,aVL,aVF,V1,V2,V3,V4,V5,V6,,0
1237748,12,100,1200,I,II,III,aVR,aVL,aVF,V1,V2,V3,V4,V5,V6,,0
1259391,12,100,1200,I,II,III,aVR,aVL,aVF,V1,V2,V3,V4,V5,V6,,0
972330,12,100,1200,I,II,III,aVR,aVL,aVF,V1,V2,V3,V4,V5,V6,,0
1383335,12,100,1200,I,II,III,aVR,aVL,aVF,V1,V2,V3,V4,V5,V6,,0
3093924,12,100,1200,I,II,III,aVR,aVL,aVF,V1,V2,V3,V4,V5,V6,,0
1207947,12,100,1200,I,II,III,aVR,aVL,aVF,V1,V2,V3,V4,V5,V6,,0
1147684,12,100,1200,I,II,III,aVR,aVL,aVF,V1,V2,V3,V4,V5,V6,,0
913169,12,100,1200,I,II,III,aVR,aVL,aVF,V1,V2,V3,V4,V5,V6,,0
1084994,12,100,1200,I,II,III,aVR,aVL,aVF,V1,V2,V3,V4,V5,V6,,0
3062045,12,100,1200,I,II,III,aVR,aVL,aVF,V1,V2,V3,V4,V5,V6,,0
1418000,12,100,1200,I,II,III,aVR,aVL,aVF,V1,V2,V3,V4,V5,V6,,0
1088796,12,100,1200,I,II,III,aVR,aVL,aVF,V1,V2,V3,V4,V5,V6,,0
1141322,12,100,1200,I,II,III,aVR,aVL,aVF,V1,V2,V3,V4,V5,V6,,0
1357325,12,100,1200,I,II,III,aVR,aVL,aVF,V1,V2,V3,V4,V5,V6,,0
1080968,12,100,1200,I,II,III,aVR,aVL,aVF,V1,V2,V3,V4,V5,V6,,0
329533,12,100,1200,I,II,III,aVR,aVL,aVF,V1,V2,V3,V4,V5,V6,,0
3067196,12,100,1200,I,II,III,aVR,aVL,aVF,V1,V2,V3,V4,V5,V6,,0
532816,12,100,1200,I,II,III,aVR,aVL,aVF,V1,V2,V3,V4,V5,V6,,0
1013884,12,100,1200,I,II,III,aVR,aVL,aVF,V1,V2,V3,V4,V5,V6,,0
3067191,12,100,1200,I,II,III,aVR,aVL,aVF,V1,V2,V3,V4,V5,V6,,0
964469,12,100,1200,I,II,III,aVR,aVL,aVF,V1,V2,V3,V4,V5,V6,,0
1177018,12,100,1200,I,II,III,aVR,aVL,aVF,V1,V2,V3,V4,V5,V6,,0
945345,12,100,1200,I,II,III,aVR,aVL,aVF,V1,V2,V3,V4,V5,V6,,0
1316784,12,100,1200,I,II,III,aVR,aVL,aVF,V1,V2,V3,V4,V5,V6,,0
921230,12,100,1200,I,II,III,aVR,aVL,aVF,V1,V2,V3,V4,V5,V6,,0
960432,12,100,1200,I,II,III,aVR,aVL,aVF,V1,V2,V3,V4,V5,V6,,0
1063368,12,100,1200,I,II,III,aVR,aVL,aVF,V1,V2,V3,V4,V5,V6,,0
3045053,12,100,1200,I,II,III,aVR,aVL,aVF,V1,V2,V3,V4,V5,V6,,0
325966,12,100,1200,I,II,III,aVR,aVL,aVF,V1,V2,V3,V4,V5,V6,,0
3006598,12,100,1200,I,II,III,aVR,aVL,aVF,V1,V2,V3,V4,V5,V6,,0
3099875,12,100,1200,I,II,III,aVR,aVL,aVF,V1,V2,V3,V4,V5,V6,,0
3075260,12,100,1200,I,II,III,aVR,aVL,aVF,V1,V2,V3,V4,V5,V6,,0
3136075,12,100,1200,I,II,III,aVR,aVL,aVF,V1,V2,V3,V4,V5,V6,,0
460919,12,100,1200,I,II,III,aVR,aVL,aVF,V1,V2,V3,V4,V5,V6,,0
1286512,12,100,1200,I,II,III,aVR,aVL,aVF,V1,V2,V3,V4,V5,V6,,0
251972,12,100,1200,I,II,III,aVR,aVL,aVF,V1,V2,V3,V4,V5,V6,,0
898726,12,100,1200,I,II,III,aVR,aVL,aVF,V1,V2,V3,V4,V5,V6,,0
3110550,12,100,1200,I,II,III,aVR,aVL,aVF,V1,V2,V3,V4,V5,V6,,0
581912,12,100,1200,I,II,III,aVR,aVL,aVF,V1,V2,V3,V4,V5,V6,,0
1138153,12,100,1200,I,II,III,aVR,aVL,aVF,V1,V2,V3,V4,V5,V6,,0
3095200,12,100,1200,I,II,III,aVR,aVL,aVF,V1,V2,V3,V4,V5,V6,,0
1081032,12,100,1200,I,II,III,aVR,aVL,aVF,V1,V2,V3,V4,V5,V6,,0
1236012,12,100,1200,I,II,III,aVR,aVL,aVF,V1,V2,V3,V4,V5,V6,,0
1228746,12,100,1200,I,II,III,aVR,aVL,aVF,V1,V2,V3,V4,V5,V6,,0
1199517,12,100,1200,I,II,III,aVR,aVL,aVF,V1,V2,V3,V4,V5,V6,,0
970649,12,100,1200,I,II,III,aVR,aVL,aVF,V1,V2,V3,V4,V5,V6,,0
1417008,12,100,1200,I,II,III,aVR,aVL,aVF,V1,V2,V3,V4,V5,V6,,0
3009950,12,100,1200,I,II,III,aVR,aVL,aVF,V1,V2,V3,V4,V5,V6,,0
267628,12,100,1200,I,II,III,aVR,aVL,aVF,V1,V2,V3,V4,V5,V6,,0
1307673,12,100,1200,I,II,III,aVR,aVL,aVF,V1,V2,V3,V4,V5,V6,,0
806949,12,100,1200,I,II,III,aVR,aVL,aVF,V1,V2,V3,V4,V5,V6,,0
1102607,12,100,1200,I,II,III,aVR,aVL,aVF,V1,V2,V3,V4,V5,V6,,0
1290629,12,100,1200,I,II,III,aVR,aVL,aVF,V1,V2,V3,V4,V5,V6,,0
519687,12,100,1200,I,II,III,aVR,aVL,aVF,V1,V2,V3,V4,V5,V6,,0
982732,12,100,1200,I,II,III,aVR,aVL,aVF,V1,V2,V3,V4,V5,V6,,0
1425960,12,100,1200,I,II,III,aVR,aVL,aVF,V1,V2,V3,V4,V5,V6,,0
894725,12,100,1200,I,II,III,aVR,aVL,aVF,V1,V2,V3,V4,V5,V6,,0
878765,12,100,1200,I,II,III,aVR,aVL,aVF,V1,V2,V3,V4,V5,V6,,0
1098314,12,100,1200,I,II,III,aVR,aVL,aVF,V1,V2,V3,V4,V5,V6,,0
1192135,12,100,1200,I,II,III,aVR,aVL,aVF,V1,V2,V3,V4,V5,V6,,0
413267,12,100,1200,I,II,III,aVR,aVL,aVF,V1,V2,V3,V4,V5,V6,,0
994065,12,100,1200,I,II,III,aVR,aVL,aVF,V1,V2,V3,V4,V5,V6,,0
1088175,12,100,1200,I,II,III,aVR,aVL,aVF,V1,V2,V3,V4,V5,V6,,0
991528,12,100,1200,I,II,III,aVR,aVL,aVF,V1,V2,V3,V4,V5,V6,,0
3007664,12,100,1200,I,II,III,aVR,aVL,aVF,V1,V2,V3,V4,V5,V6,,0
3009538,12,100,1200,I,II,III,aVR,aVL,aVF,V1,V2,V3,V4,V5,V6,,0
3128957,12,100,1200,I,II,III,aVR,aVL,aVF,V1,V2,V3,V4,V5,V6,,0
1422770,12,100,1200,I,II,III,aVR,aVL,aVF,V1,V2,V3,V4,V5,V6,,0
506408,12,100,1200,I,II,III,aVR,aVL,aVF,V1,V2,V3,V4,V5,V6,,0
1220716,12,100,1200,I,II,III,aVR,aVL,aVF,V1,V2,V3,V4,V5,V6,,0
1386698,12,100,1200,I,II,III,aVR,aVL,aVF,V1,V2,V3,V4,V5,V6,,0
841212,12,100,1200,I,II,III,aVR,aVL,aVF,V1,V2,V3,V4,V5,V6,,0
450733,12,100,1200,I,II,III,aVR,aVL,aVF,V1,V2,V3,V4,V5,V6,,0
3072836,12,100,1200,I,II,III,aVR,aVL,aVF,V1,V2,V3,V4,V5,V6,,0
624511,12,100,1200,I,II,III,aVR,aVL,aVF,V1,V2,V3,V4,V5,V6,,0
1275329,12,100,1200,I,II,III,aVR,aVL,aVF,V1,V2,V3,V4,V5,V6,,0
592768,12,100,1200,I,II,III,aVR,aVL,aVF,V1,V2,V3,V4,V5,V6,,0
930107,12,100,1200,I,II,III,aVR,aVL,aVF,V1,V2,V3,V4,V5,V6,,0
1407660,12,100,1200,I,II,III,aVR,aVL,aVF,V1,V2,V3,V4,V5,V6,,0
1326991,12,100,1200,I,II,III,aVR,aVL,aVF,V1,V2,V3,V4,V5,V6,,0
3071151,12,100,1200,I,II,III,aVR,aVL,aVF,V1,V2,V3,V4,V5,V6,,0
1165447,12,100,1200,I,II,III,aVR,aVL,aVF,V1,V2,V3,V4,V5,V6,,0
286830,12,100,1200,I,II,III,aVR,aVL,aVF,V1,V2,V3,V4,V5,V6,,0
505351,12,100,1200,I,II,III,aVR,aVL,aVF,V1,V2,V3,V4,V5,V6,,0
641455,12,100,1200,I,II,III,aVR,aVL,aVF,V1,V2,V3,V4,V5,V6,,0
1088261,12,100,1200,I,II,III,aVR,aVL,aVF,V1,V2,V3,V4,V5,V6,,0
1403173,12,100,1200,I,II,III,aVR,aVL,aVF,V1,V2,V3,V4,V5,V6,,0
3035210,12,100,1200,I,II,III,aVR,aVL,aVF,V1,V2,V3,V4,V5,V6,,0
1336243,12,100,1200,I,II,III,aVR,aVL,aVF,V1,V2,V3,V4,V5,V6,,0
3030937,12,100,1200,I,II,III,aVR,aVL,aVF,V1,V2,V3,V4,V5,V6,,0
643139,12,100,1200,I,II,III,aVR,aVL,aVF,V1,V2,V3,V4,V5,V6,,0
953976,12,100,1200,I,II,III,aVR,aVL,aVF,V1,V2,V3,V4,V5,V6,,0
1184742,12,100,1200,I,II,III,aVR,aVL,aVF,V1,V2,V3,V4,V5,V6,,0
3015449,12,100,1200,I,II,III,aVR,aVL,aVF,V1,V2,V3,V4,V5,V6,,0
959843,12,100,1200,I,II,III,aVR,aVL,aVF,V1,V2,V3,V4,V5,V6,,0
1252288,12,100,1200,I,II,III,aVR,aVL,aVF,V1,V2,V3,V4,V5,V6,,0
622530,12,100,1200,I,II,III,aVR,aVL,aVF,V1,V2,V3,V4,V5,V6,,0
1254171,12,100,1200,I,II,III,aVR,aVL,aVF,V1,V2,V3,V4,V5,V6,,0
849168,12,100,1200,I,II,III,aVR,aVL,aVF,V1,V2,V3,V4,V5,V6,,0
3139196,12,100,1200,I,II,III,aVR,aVL,aVF,V1,V2,V3,V4,V5,V6,,0
1414967,12,100,1200,I,II,III,aVR,aVL,aVF,V1,V2,V3,V4,V5,V6,,0
3015440,12,100,1200,I,II,III,aVR,aVL,aVF,V1,V2,V3,V4,V5,V6,,0
1344639,12,100,1200,I,II,III,aVR,aVL,aVF,V1,V2,V3,V4,V5,V6,,0
1382112,12,100,1200,I,II,III,aVR,aVL,aVF,V1,V2,V3,V4,V5,V6,,0
1188747,12,100,1200,I,II,III,aVR,aVL,aVF,V1,V2,V3,V4,V5,V6,,0
1165448,12,100,1200,I,II,III,aVR,aVL,aVF,V1,V2,V3,V4,V5,V6,,0
316872,12,100,1200,I,II,III,aVR,aVL,aVF,V1,V2,V3,V4,V5,V6,,0
968556,12,100,1200,I,II,III,aVR,aVL,aVF,V1,V2,V3,V4,V5,V6,,0
1278746,12,100,1200,I,II,III,aVR,aVL,aVF,V1,V2,V3,V4,V5,V6,,0
1305051,12,100,1200,I,II,III,aVR,aVL,aVF,V1,V2,V3,V4,V5,V6,,0
406008,12,100,1200,I,II,III,aVR,aVL,aVF,V1,V2,V3,V4,V5,V6,,0
1202306,12,100,1200,I,II,III,aVR,aVL,aVF,V1,V2,V3,V4,V5,V6,,0
1073253,12,100,1200,I,II,III,aVR,aVL,aVF,V1,V2,V3,V4,V5,V6,,0
1124826,12,100,1200,I,II,III,aVR,aVL,aVF,V1,V2,V3,V4,V5,V6,,0
1381534,12,100,1200,I,II,III,aVR,aVL,aVF,V1,V2,V3,V4,V5,V6,,0
1272821,12,100,1200,I,II,III,aVR,aVL,aVF,V1,V2,V3,V4,V5,V6,,0
325231,12,100,1200,I,II,III,aVR,aVL,aVF,V1,V2,V3,V4,V5,V6,,0
903802,12,100,1200,I,II,III,aVR,aVL,aVF,V1,V2,V3,V4,V5,V6,,0
1106149,12,100,1200,I,II,III,aVR,aVL,aVF,V1,V2,V3,V4,V5,V6,,0
304141,12,100,1200,I,II,III,aVR,aVL,aVF,V1,V2,V3,V4,V5,V6,,0
